"AssetTag","Name","Model","WarrantyExpires","Status","DaysRemaining","PurchaseDate","PurchaseCost"
"C-1950","","Charger","N/A","No Warranty Data",,"N/A","N/A"
"2892","","HP Chromebook 14 G7","N/A","No Warranty Data",,"N/A","N/A"
"2413","","Dell Latitude 3445 Chromebook","N/A","No Warranty Data",,"N/A","N/A"
"2404","","Dell Latitude 3445 Chromebook","N/A","No Warranty Data",,"N/A","N/A"
"2804","","HP Chromebook 14 G7","N/A","No Warranty Data",,"N/A","N/A"
"2757","","HP Chromebook 14 G7","N/A","No Warranty Data",,"N/A","N/A"
"CNBRQ7S2JH","","HP Color LaserJet MFP M283cdw","N/A","No Warranty Data",,"N/A","719.89"
"UQA189986","","Xerox® VersaLink® C625 Color Multifunction Printer","N/A","No Warranty Data",,"N/A","N/A"
"5AV044030","","WorkCentre 6515","N/A","No Warranty Data",,"N/A","1974.90"
"5AV420969","","WorkCentre 6515","N/A","No Warranty Data",,"N/A","1974.90"
"CN62RAK0RD","","HP OfficeJet Pro 8720","N/A","No Warranty Data",,"N/A","389.84"
"5AV037598","","WorkCentre 6515","N/A","No Warranty Data",,"N/A","649.99"
"U64646A4F256983","","Brother MFC-L8900CDW series","N/A","No Warranty Data",,"N/A","649.99"
"5AV416838","","WorkCentre 6515","N/A","No Warranty Data",,"N/A","1974.00"
"CN79MC614B","","HP OfficeJet Pro 8720","N/A","No Warranty Data",,"N/A","618.00"
"5AV421053","WorkCentre-6515-1001","WorkCentre 6515","N/A","No Warranty Data",,"N/A","1974.90"
"11L3803882-1201","","Kyocera MA4500ix","N/A","No Warranty Data",,"N/A","1169.00"
"1626","","Dell Latitude 5540","N/A","No Warranty Data",,"N/A","N/A"
"4C:D5:77:B1:51:AB","MFC-L3710CD-1213","Brother MFC-L3710CW series","N/A","No Warranty Data",,"N/A","459.99"
"2377","","Dell Latitude 3445 Chromebook","N/A","No Warranty Data",,"N/A","400.00"
"3191","","HP Chromebook 14 G7","N/A","No Warranty Data",,"N/A","400.00"
"987","","Dell Chromebook 3400","N/A","No Warranty Data",,"N/A","400.00"
"450","","Chromebook 14 G6","N/A","No Warranty Data",,"N/A","400.00"
"1546","","Dell Chromebook 3400","N/A","No Warranty Data",,"N/A","400.00"
"1473","","Lenovo 14e Chromebook, Lenovo Chromebook S345-14","N/A","No Warranty Data",,"N/A","400.00"
"1SXSK0","","Lenovo 14e Chromebook, Lenovo Chromebook S345-14","N/A","No Warranty Data",,"N/A","400.00"
"1SW3RV","","Lenovo 14e Chromebook, Lenovo Chromebook S345-14","N/A","No Warranty Data",,"N/A","400.00"
"287","","HP Chromebook 14 G7","N/A","No Warranty Data",,"N/A","400.00"
"1445","","Lenovo 14e Chromebook, Lenovo Chromebook S345-14","N/A","No Warranty Data",,"N/A","400.00"
"1797","","HP Chromebook 14 G7","N/A","No Warranty Data",,"N/A","400.00"
"2531","","Dell Chromebook 3110","N/A","No Warranty Data",,"N/A","400.00"
"1039","","Chromebook 14 G6","N/A","No Warranty Data",,"N/A","400.00"
"1135","","HP Chromebook 14 G7","N/A","No Warranty Data",,"N/A","400.00"
"1sw0te","","Lenovo 14e Chromebook, Lenovo Chromebook S345-14","N/A","No Warranty Data",,"N/A","400.00"
"808","","Lenovo 14e Chromebook, Lenovo Chromebook S345-14","N/A","No Warranty Data",,"N/A","400.00"
"1swdzb","","Lenovo 14e Chromebook, Lenovo Chromebook S345-14","N/A","No Warranty Data",,"N/A","400.00"
"915","","Dell Chromebook 3400","N/A","No Warranty Data",,"N/A","400.00"
"2632","","Dell Chromebook 3110","N/A","No Warranty Data",,"N/A","400.00"
"CB-952-BB6Z5Y2","","Dell Chromebook 3400","N/A","No Warranty Data",,"N/A","400.00"
"1781","","Dell Chromebook 3400","N/A","No Warranty Data",,"N/A","400.00"
"1swg8w","","Lenovo 14e Chromebook, Lenovo Chromebook S345-14","N/A","No Warranty Data",,"N/A","400.00"
"2019","","HP Chromebook 14 G7","N/A","No Warranty Data",,"N/A","400.00"
"1sw1zj","","Lenovo 14e Chromebook, Lenovo Chromebook S345-14","N/A","No Warranty Data",,"N/A","400.00"
"2341","","Dell Latitude 3445 Chromebook","N/A","No Warranty Data",,"N/A","400.00"
"339","","HP Chromebook 14 G7","N/A","No Warranty Data",,"N/A","400.00"
"335","","HP Chromebook 14 G7","N/A","No Warranty Data",,"N/A","400.00"
"HP-252-5CD1120797","","Chromebook 14 G6","N/A","No Warranty Data",,"N/A","400.00"
"897","","Dell Chromebook 3400","N/A","No Warranty Data",,"N/A","400.00"
"2089","","HP Chromebook 14 G7","N/A","No Warranty Data",,"N/A","400.00"
"2254","","Dell Chromebook 3110","N/A","No Warranty Data",,"N/A","400.00"
"28","","HP Chromebook 14 G7","N/A","No Warranty Data",,"N/A","400.00"
"2616","","Dell Chromebook 3110","N/A","No Warranty Data",,"N/A","400.00"
"2601","","Dell Chromebook 3110","N/A","No Warranty Data",,"N/A","400.00"
"13","","HP Chromebook 14 G7","N/A","No Warranty Data",,"N/A","400.00"
"1874","","HP Chromebook 14 G7","N/A","No Warranty Data",,"N/A","400.00"
"613","","Dell Chromebook 3400","N/A","No Warranty Data",,"N/A","400.00"
"1923","","HP Chromebook 14 G7","N/A","No Warranty Data",,"N/A","400.00"
"1573","","Dell Chromebook 3400","N/A","No Warranty Data",,"N/A","400.00"
"865","","Dell Chromebook 3400","N/A","No Warranty Data",,"N/A","400.00"
"2602","","Dell Chromebook 3110","N/A","No Warranty Data",,"N/A","400.00"
"570","","Chromebook 14 G6","N/A","No Warranty Data",,"N/A","400.00"
"2412","","Dell Latitude 3445 Chromebook","N/A","No Warranty Data",,"N/A","400.00"
"1243","","Dell Chromebook 3400","N/A","No Warranty Data",,"N/A","400.00"
"CB-967-DRTY5Y2","","Dell Chromebook 3400","N/A","No Warranty Data",,"N/A","400.00"
"891","","Dell Chromebook 3400","N/A","No Warranty Data",,"N/A","400.00"
"945","","Dell Chromebook 3400","N/A","No Warranty Data",,"N/A","400.00"
"1575","","Dell Chromebook 3400","N/A","No Warranty Data",,"N/A","400.00"
"CB-944-BPHW6Y2","","Dell Chromebook 3400","N/A","No Warranty Data",,"N/A","400.00"
"474","","Chromebook 14 G6","N/A","No Warranty Data",,"N/A","400.00"
"2385","","Dell Latitude 3445 Chromebook","N/A","No Warranty Data",,"N/A","400.00"
"1312","","Chromebook 14 G6","N/A","No Warranty Data",,"N/A","400.00"
"1533","","Dell Chromebook 3400","N/A","No Warranty Data",,"N/A","400.00"
"2123","","HP Chromebook 14 G7","N/A","No Warranty Data",,"N/A","400.00"
"965","","Dell Chromebook 3400","N/A","No Warranty Data",,"N/A","400.00"
"2071","","HP Chromebook 14 G7","N/A","No Warranty Data",,"N/A","400.00"
"1057","","Dell Chromebook 3400","N/A","No Warranty Data",,"N/A","400.00"
"889","","Dell Chromebook 3400","N/A","No Warranty Data",,"N/A","400.00"
"829","","Lenovo 14e Chromebook, Lenovo Chromebook S345-14","N/A","No Warranty Data",,"N/A","400.00"
"76","","HP Chromebook 14 G7","N/A","No Warranty Data",,"N/A","400.00"
"1778","","HP Chromebook 14 G7","N/A","No Warranty Data",,"N/A","400.00"
"CB-776-DYQZ5Y2","","Dell Chromebook 3400","N/A","No Warranty Data",,"N/A","400.00"
"716","","Chromebook 14 G6","N/A","No Warranty Data",,"N/A","400.00"
"2437","","Dell Chromebook 3110","N/A","No Warranty Data",,"N/A","400.00"
"357","","HP Chromebook 14 G7","N/A","No Warranty Data",,"N/A","400.00"
"1434","","Lenovo 14e Chromebook, Lenovo Chromebook S345-14","N/A","No Warranty Data",,"N/A","400.00"
"81","","HP Chromebook 14 G7","N/A","No Warranty Data",,"N/A","400.00"
"2083","","HP Chromebook 14 G7","N/A","No Warranty Data",,"N/A","400.00"
"152","","HP Chromebook 14 G7","N/A","No Warranty Data",,"N/A","400.00"
"1sw0s9","","Lenovo 14e Chromebook, Lenovo Chromebook S345-14","N/A","No Warranty Data",,"N/A","400.00"
"1sw3hc","","Lenovo 14e Chromebook, Lenovo Chromebook S345-14","N/A","No Warranty Data",,"N/A","400.00"
"812","","Lenovo 14e Chromebook, Lenovo Chromebook S345-14","N/A","No Warranty Data",,"N/A","400.00"
"430","","Chromebook 14 G6","N/A","No Warranty Data",,"N/A","400.00"
"558","","Chromebook 14 G6","N/A","No Warranty Data",,"N/A","400.00"
"2045","","HP Chromebook 14 G7","N/A","No Warranty Data",,"N/A","400.00"
"1892","","HP Chromebook 14 G7","N/A","No Warranty Data",,"N/A","400.00"
"451","","Chromebook 14 G6","N/A","No Warranty Data",,"N/A","400.00"
"1383","","Lenovo 14e Chromebook, Lenovo Chromebook S345-14","N/A","No Warranty Data",,"N/A","400.00"
"2033","","HP Chromebook 14 G7","N/A","No Warranty Data",,"N/A","400.00"
"604","","Dell Chromebook 3400","N/A","No Warranty Data",,"N/A","400.00"
"1457","","Lenovo 14e Chromebook, Lenovo Chromebook S345-14","N/A","No Warranty Data",,"N/A","400.00"
"1566","","Lenovo 14e Chromebook, Lenovo Chromebook S345-14","N/A","No Warranty Data",,"N/A","400.00"
"552","","Dell Chromebook 3400","N/A","No Warranty Data",,"N/A","400.00"
"1897","","HP Chromebook 14 G7","N/A","No Warranty Data",,"N/A","400.00"
"2073","","HP Chromebook 14 G7","N/A","No Warranty Data",,"N/A","400.00"
"2859","","HP Chromebook 14 G7","N/A","No Warranty Data",,"N/A","400.00"
"634","","Dell Chromebook 3100","N/A","No Warranty Data",,"N/A","400.00"
"2318","","Dell Chromebook 3110","N/A","No Warranty Data",,"N/A","400.00"
"1741","","Chromebook 14 G6","N/A","No Warranty Data",,"N/A","400.00"
"2571","","Dell Chromebook 3110","N/A","No Warranty Data",,"N/A","400.00"
"2562","","Dell Chromebook 3110","N/A","No Warranty Data",,"N/A","400.00"
"2482","","Dell Chromebook 3110","N/A","No Warranty Data",,"N/A","400.00"
"1823","","HP Chromebook 14 G7","N/A","No Warranty Data",,"N/A","400.00"
"43","","HP Chromebook 14 G7","N/A","No Warranty Data",,"N/A","400.00"
"1847","","HP Chromebook 14 G7","N/A","No Warranty Data",,"N/A","400.00"
"238","","HP Chromebook 14 G7","N/A","No Warranty Data",,"N/A","400.00"
"480","","Chromebook 14 G6","N/A","No Warranty Data",,"N/A","400.00"
"1376","","Dell Chromebook 3400","N/A","No Warranty Data",,"N/A","400.00"
"1SW1ZQ","","Lenovo 14e Chromebook, Lenovo Chromebook S345-14","N/A","No Warranty Data",,"N/A","400.00"
"31","","HP Chromebook 14 G7","N/A","No Warranty Data",,"N/A","400.00"
"610","","Dell Chromebook 3400","N/A","No Warranty Data",,"N/A","400.00"
"2800","","HP Chromebook 14 G7","N/A","No Warranty Data",,"N/A","400.00"
"590","","Dell Chromebook 3400","N/A","No Warranty Data",,"N/A","400.00"
"797","","Lenovo 14e Chromebook, Lenovo Chromebook S345-14","N/A","No Warranty Data",,"N/A","400.00"
"1231","","Lenovo 14e Chromebook, Lenovo Chromebook S345-14","N/A","No Warranty Data",,"N/A","400.00"
"2485","","Dell Chromebook 3110","N/A","No Warranty Data",,"N/A","400.00"
"CB-925-7VTB6Y2","","Dell Chromebook 3400","N/A","No Warranty Data",,"N/A","400.00"
"3175","","HP Chromebook 14 G7","N/A","No Warranty Data",,"N/A","400.00"
"CB-979-62H06Y2","","Dell Chromebook 3400","N/A","No Warranty Data",,"N/A","400.00"
"1716","","Lenovo 14e Chromebook, Lenovo Chromebook S345-14","N/A","No Warranty Data",,"N/A","400.00"
"1959","","HP Chromebook 14 G7","N/A","No Warranty Data",,"N/A","400.00"
"390","","HP Chromebook 14 G7","N/A","No Warranty Data",,"N/A","400.00"
"1480","","Lenovo 14e Chromebook, Lenovo Chromebook S345-14","N/A","No Warranty Data",,"N/A","400.00"
"930","","Dell Chromebook 3400","N/A","No Warranty Data",,"N/A","400.00"
"1187","","Dell Chromebook 3400","N/A","No Warranty Data",,"N/A","400.00"
"2565","","Dell Chromebook 3110","N/A","No Warranty Data",,"N/A","400.00"
"193","","HP Chromebook 14 G7","N/A","No Warranty Data",,"N/A","400.00"
"2436","","Dell Chromebook 3110","N/A","No Warranty Data",,"N/A","400.00"
"2507","","Dell Chromebook 3110","N/A","No Warranty Data",,"N/A","400.00"
"2301","","Dell Chromebook 3110","N/A","No Warranty Data",,"N/A","400.00"
"1982","","HP Chromebook 14 G7","N/A","No Warranty Data",,"N/A","400.00"
"2164","","HP Chromebook 14 G7","N/A","No Warranty Data",,"N/A","400.00"
"2621","","Dell Chromebook 3110","N/A","No Warranty Data",,"N/A","400.00"
"56","","HP Chromebook 14 G7","N/A","No Warranty Data",,"N/A","400.00"
"2608","","Dell Chromebook 3110","N/A","No Warranty Data",,"N/A","400.00"
"539","","HP Chromebook 14 G7","N/A","No Warranty Data",,"N/A","400.00"
"1sw1ep","","Lenovo 14e Chromebook, Lenovo Chromebook S345-14","N/A","No Warranty Data",,"N/A","400.00"
"1sxddp","","Lenovo 14e Chromebook, Lenovo Chromebook S345-14","N/A","No Warranty Data",,"N/A","400.00"
"1914","","HP Chromebook 14 G7","N/A","No Warranty Data",,"N/A","400.00"
"HP-154-5CD112017M","","Chromebook 14 G6","N/A","No Warranty Data",,"N/A","400.00"
"1sw68l","","Lenovo 14e Chromebook, Lenovo Chromebook S345-14","N/A","No Warranty Data",,"N/A","400.00"
"1452","","Lenovo 14e Chromebook, Lenovo Chromebook S345-14","N/A","No Warranty Data",,"N/A","400.00"
"1186","","Chromebook 14 G6","N/A","No Warranty Data",,"N/A","400.00"
"1565","","Lenovo 14e Chromebook, Lenovo Chromebook S345-14","N/A","No Warranty Data",,"N/A","400.00"
"1990","","HP Chromebook 14 G7","N/A","No Warranty Data",,"N/A","400.00"
"1237","","Lenovo 14e Chromebook, Lenovo Chromebook S345-14","N/A","No Warranty Data",,"N/A","400.00"
"1467","","Lenovo 14e Chromebook, Lenovo Chromebook S345-14","N/A","No Warranty Data",,"N/A","400.00"
"1sw1el","","Lenovo 14e Chromebook, Lenovo Chromebook S345-14","N/A","No Warranty Data",,"N/A","400.00"
"1026","","Chromebook 14 G6","N/A","No Warranty Data",,"N/A","400.00"
"389","","HP Chromebook 14 G7","N/A","No Warranty Data",,"N/A","400.00"
"CB-661-DNTB6Y2","","Dell Chromebook 3400","N/A","No Warranty Data",,"N/A","400.00"
"973","","Dell Chromebook 3400","N/A","No Warranty Data",,"N/A","400.00"
"1582","","Dell Chromebook 3400","N/A","No Warranty Data",,"N/A","400.00"
"231","","HP Chromebook 14 G7","N/A","No Warranty Data",,"N/A","400.00"
"960","","Dell Chromebook 3400","N/A","No Warranty Data",,"N/A","400.00"
"10","","HP Chromebook 14 G7","N/A","No Warranty Data",,"N/A","400.00"
"2309","","Dell Chromebook 3110","N/A","No Warranty Data",,"N/A","400.00"
"1304","","Chromebook 14 G6","N/A","No Warranty Data",,"N/A","400.00"
"510","","HP Chromebook 14 G7","N/A","No Warranty Data",,"N/A","400.00"
"179","","HP Chromebook 14 G7","N/A","No Warranty Data",,"N/A","400.00"
"1739","","Dell Chromebook 3400","N/A","No Warranty Data",,"N/A","400.00"
"2636","","Dell Chromebook 3110","N/A","No Warranty Data",,"N/A","400.00"
"1861","","HP Chromebook 14 G7","N/A","No Warranty Data",,"N/A","400.00"
"2022","","HP Chromebook 14 G7","N/A","No Warranty Data",,"N/A","400.00"
"1041","","Chromebook 14 G6","N/A","No Warranty Data",,"N/A","400.00"
"2647","","Dell Chromebook 3110","N/A","No Warranty Data",,"N/A","400.00"
"458","","Chromebook 14 G6","N/A","No Warranty Data",,"N/A","400.00"
"2106","","HP Chromebook 14 G7","N/A","No Warranty Data",,"N/A","400.00"
"CB-841-BDFZ4Y2","","Dell Chromebook 3400","N/A","No Warranty Data",,"N/A","400.00"
"2057","","HP Chromebook 14 G7","N/A","No Warranty Data",,"N/A","400.00"
"1sw2dn","","Lenovo 14e Chromebook, Lenovo Chromebook S345-14","N/A","No Warranty Data",,"N/A","400.00"
"1461","","Lenovo 14e Chromebook, Lenovo Chromebook S345-14","N/A","No Warranty Data",,"N/A","400.00"
"202","","HP Chromebook 14 G7","N/A","No Warranty Data",,"N/A","400.00"
"743","","Dell Chromebook 3400","N/A","No Warranty Data",,"N/A","400.00"
"1275","","Dell Chromebook 13 (3380)","N/A","No Warranty Data",,"N/A","400.00"
"2220","","HP Chromebook 14 G7","N/A","No Warranty Data",,"N/A","400.00"
"893","","Dell Chromebook 3400","N/A","No Warranty Data",,"N/A","400.00"
"1277","","Dell Chromebook 13 (3380)","N/A","No Warranty Data",,"N/A","400.00"
"1101","","Dell Chromebook 3400","N/A","No Warranty Data",,"N/A","400.00"
"229","","HP Chromebook 14 G7","N/A","No Warranty Data",,"N/A","400.00"
"1878","","HP Chromebook 14 G7","N/A","No Warranty Data",,"N/A","400.00"
"538","","HP Chromebook 14 G7","N/A","No Warranty Data",,"N/A","400.00"
"191","","HP Chromebook 14 G7","N/A","No Warranty Data",,"N/A","400.00"
"1706","","Dell Chromebook 3400","N/A","No Warranty Data",,"N/A","400.00"
"974","","Dell Chromebook 3400","N/A","No Warranty Data",,"N/A","400.00"
"2127","","HP Chromebook 14 G7","N/A","No Warranty Data",,"N/A","400.00"
"1763","","Dell Chromebook 3400","N/A","No Warranty Data",,"N/A","400.00"
"1899","","HP Chromebook 14 G7","N/A","No Warranty Data",,"N/A","400.00"
"522","","HP Chromebook 14 G7","N/A","No Warranty Data",,"N/A","400.00"
"3162","","HP Chromebook 14 G7","N/A","No Warranty Data",,"N/A","400.00"
"2145","","Chromebook 14 G6","N/A","No Warranty Data",,"N/A","400.00"
"2535","","Dell Chromebook 3110","N/A","No Warranty Data",,"N/A","400.00"
"64LD793","","Dell Chromebook 3100 2-in-1","N/A","No Warranty Data",,"N/A","400.00"
"1SW5E3","","Lenovo 14e Chromebook, Lenovo Chromebook S345-14","N/A","No Warranty Data",,"N/A","400.00"
"244","","HP Chromebook 14 G7","N/A","No Warranty Data",,"N/A","400.00"
"2586","","Dell Chromebook 3110","N/A","No Warranty Data",,"N/A","400.00"
"341","","HP Chromebook 14 G7","N/A","No Warranty Data",,"N/A","400.00"
"1318","","Lenovo 14e Chromebook, Lenovo Chromebook S345-14","N/A","No Warranty Data",,"N/A","400.00"
"2244","","Dell Latitude 3445 Chromebook","N/A","No Warranty Data",,"N/A","400.00"
"697","","Chromebook 14 G6","N/A","No Warranty Data",,"N/A","400.00"
"950","","Dell Chromebook 3400","N/A","No Warranty Data",,"N/A","400.00"
"5CD11203VC","","Chromebook 14 G6","N/A","No Warranty Data",,"N/A","400.00"
"2584","","Dell Chromebook 3110","N/A","No Warranty Data",,"N/A","400.00"
"364","","HP Chromebook 14 G7","N/A","No Warranty Data",,"N/A","400.00"
"89","","HP Chromebook 14 G7","N/A","No Warranty Data",,"N/A","400.00"
"712","","Chromebook 14 G6","N/A","No Warranty Data",,"N/A","400.00"
"888","","Dell Chromebook 3400","N/A","No Warranty Data",,"N/A","400.00"
"1924","","HP Chromebook 14 G7","N/A","No Warranty Data",,"N/A","400.00"
"1198","","Dell Chromebook 3400","N/A","No Warranty Data",,"N/A","400.00"
"CB-828-D06Z5Y2","","Dell Chromebook 3400","N/A","No Warranty Data",,"N/A","400.00"
"349","","HP Chromebook 14 G7","N/A","No Warranty Data",,"N/A","400.00"
"2566","","Dell Chromebook 3110","N/A","No Warranty Data",,"N/A","400.00"
"536","","HP Chromebook 14 G7","N/A","No Warranty Data",,"N/A","400.00"
"2298","","Dell Chromebook 3110","N/A","No Warranty Data",,"N/A","400.00"
"1125","","HP Chromebook 14 G7","N/A","No Warranty Data",,"N/A","400.00"
"355","","HP Chromebook 14 G7","N/A","No Warranty Data",,"N/A","400.00"
"2631","","Dell Chromebook 3110","N/A","No Warranty Data",,"N/A","400.00"
"2152","","HP Chromebook 14 G7","N/A","No Warranty Data",,"N/A","400.00"
"365","","HP Chromebook 14 G7","N/A","No Warranty Data",,"N/A","400.00"
"656","","Dell Chromebook 3400","N/A","No Warranty Data",,"N/A","400.00"
"1977","","HP Chromebook 14 G7","N/A","No Warranty Data",,"N/A","400.00"
"1sw3kc","","Lenovo 14e Chromebook, Lenovo Chromebook S345-14","N/A","No Warranty Data",,"N/A","400.00"
"765","","Dell Chromebook 3400","N/A","No Warranty Data",,"N/A","400.00"
"1427","","Lenovo 14e Chromebook, Lenovo Chromebook S345-14","N/A","No Warranty Data",,"N/A","400.00"
"615","","Dell Chromebook 3400","N/A","No Warranty Data",,"N/A","400.00"
"2104","","HP Chromebook 14 G7","N/A","No Warranty Data",,"N/A","400.00"
"CB-924-J8S16Y2","","Dell Chromebook 3400","N/A","No Warranty Data",,"N/A","400.00"
"1132","","Chromebook 14 G6","N/A","No Warranty Data",,"N/A","400.00"
"1867","","HP Chromebook 14 G7","N/A","No Warranty Data",,"N/A","400.00"
"490","","Chromebook 14 G6","N/A","No Warranty Data",,"N/A","400.00"
"84","","HP Chromebook 14 G7","N/A","No Warranty Data",,"N/A","400.00"
"1415","","Dell Chromebook 3400","N/A","No Warranty Data",,"N/A","400.00"
"1sngqn","","Lenovo 14e Chromebook, Lenovo Chromebook S345-14","N/A","No Warranty Data",,"N/A","400.00"
"908","","Dell Chromebook 3400","N/A","No Warranty Data",,"N/A","400.00"
"1SW2CJ","","Lenovo 14e Chromebook, Lenovo Chromebook S345-14","N/A","No Warranty Data",,"N/A","400.00"
"1446","","Lenovo 14e Chromebook, Lenovo Chromebook S345-14","N/A","No Warranty Data",,"N/A","400.00"
"572","","Chromebook 14 G6","N/A","No Warranty Data",,"N/A","400.00"
"1swbq3","","Lenovo 14e Chromebook, Lenovo Chromebook S345-14","N/A","No Warranty Data",,"N/A","400.00"
"706","","Chromebook 14 G6","N/A","No Warranty Data",,"N/A","400.00"
"2805","","Dell Chromebook 3110","N/A","No Warranty Data",,"N/A","400.00"
"2667","","Dell Chromebook 3110","N/A","No Warranty Data",,"N/A","400.00"
"2613","","Dell Chromebook 3110","N/A","No Warranty Data",,"N/A","400.00"
"407","","HP Chromebook 14 G7","N/A","No Warranty Data",,"N/A","400.00"
"380","","HP Chromebook 14 G7","N/A","No Warranty Data",,"N/A","400.00"
"1766","","HP Chromebook 14 G7","N/A","No Warranty Data",,"N/A","400.00"
"2134","","HP Chromebook 14 G7","N/A","No Warranty Data",,"N/A","400.00"
"305","","HP Chromebook 14 G7","N/A","No Warranty Data",,"N/A","400.00"
"1812","","HP Chromebook 14 G7","N/A","No Warranty Data",,"N/A","400.00"
"1SW5GH","","Lenovo 14e Chromebook, Lenovo Chromebook S345-14","N/A","No Warranty Data",,"N/A","400.00"
"CB-N1002-92116Y2","","Dell Chromebook 3400","N/A","No Warranty Data",,"N/A","400.00"
"623","","Dell Chromebook 3400","N/A","No Warranty Data",,"N/A","400.00"
"1958","","HP Chromebook 14 G7","N/A","No Warranty Data",,"N/A","400.00"
"1215","","Lenovo 14e Chromebook, Lenovo Chromebook S345-14","N/A","No Warranty Data",,"N/A","400.00"
"1234","","Chromebook 14 G6","N/A","No Warranty Data",,"N/A","400.00"
"953","","Dell Chromebook 3400","N/A","No Warranty Data",,"N/A","400.00"
"1258","","HP Chromebook 14 G7","N/A","No Warranty Data",,"N/A","400.00"
"CB-961-3XR16Y2","","Dell Chromebook 3400","N/A","No Warranty Data",,"N/A","400.00"
"2015","","Chromebook 14 G6","N/A","No Warranty Data",,"N/A","400.00"
"548","","Chromebook 14 G6","N/A","No Warranty Data",,"N/A","400.00"
"234","","HP Chromebook 14 G7","N/A","No Warranty Data",,"N/A","400.00"
"1507","","Dell Chromebook 3400","N/A","No Warranty Data",,"N/A","400.00"
"1479","","Lenovo 14e Chromebook, Lenovo Chromebook S345-14","N/A","No Warranty Data",,"N/A","400.00"
"741","","Dell Chromebook 3400","N/A","No Warranty Data",,"N/A","400.00"
"612","","Dell Chromebook 3400","N/A","No Warranty Data",,"N/A","400.00"
"1745","","Chromebook 14 G6","N/A","No Warranty Data",,"N/A","400.00"
"1106","","Chromebook 14 G6","N/A","No Warranty Data",,"N/A","400.00"
"2501","","Dell Chromebook 3110","N/A","No Warranty Data",,"N/A","400.00"
"990","","Dell Chromebook 3400","N/A","No Warranty Data",,"N/A","400.00"
"2525","","Dell Chromebook 3110","N/A","No Warranty Data",,"N/A","400.00"
"352","","HP Chromebook 14 G7","N/A","No Warranty Data",,"N/A","400.00"
"2806","","Dell Chromebook 3110","N/A","No Warranty Data",,"N/A","400.00"
"713","","Chromebook 14 G6","N/A","No Warranty Data",,"N/A","400.00"
"2056","","HP Chromebook 14 G7","N/A","No Warranty Data",,"N/A","400.00"
"2255","","Dell Chromebook 3110","N/A","No Warranty Data",,"N/A","400.00"
"1980","","HP Chromebook 14 G7","N/A","No Warranty Data",,"N/A","400.00"
"322","","HP Chromebook 14 G7","N/A","No Warranty Data",,"N/A","400.00"
"403","","HP Chromebook 14 G7","N/A","No Warranty Data",,"N/A","400.00"
"1769","","HP Chromebook 14 G7","N/A","No Warranty Data",,"N/A","400.00"
"2340","","Dell Latitude 3445 Chromebook","N/A","No Warranty Data",,"N/A","400.00"
"34","","HP Chromebook 14 G7","N/A","No Warranty Data",,"N/A","400.00"
"931","","Dell Chromebook 3400","N/A","No Warranty Data",,"N/A","400.00"
"433","","Chromebook 14 G6","N/A","No Warranty Data",,"N/A","400.00"
"899","","Dell Chromebook 3400","N/A","No Warranty Data",,"N/A","400.00"
"348","","HP Chromebook 14 G7","N/A","No Warranty Data",,"N/A","400.00"
"1308","","Lenovo 14e Chromebook, Lenovo Chromebook S345-14","N/A","No Warranty Data",,"N/A","400.00"
"1680","","Lenovo 14e Chromebook, Lenovo Chromebook S345-14","N/A","No Warranty Data",,"N/A","400.00"
"332","","HP Chromebook 14 G7","N/A","No Warranty Data",,"N/A","400.00"
"789","","Lenovo 14e Chromebook, Lenovo Chromebook S345-14","N/A","No Warranty Data",,"N/A","400.00"
"469","","Chromebook 14 G6","N/A","No Warranty Data",,"N/A","400.00"
"2715","","Dell Chromebook 3110","N/A","No Warranty Data",,"N/A","400.00"
"387","","HP Chromebook 14 G7","N/A","No Warranty Data",,"N/A","400.00"
"881","","Dell Chromebook 3400","N/A","No Warranty Data",,"N/A","400.00"
"1772","","HP Chromebook 14 G7","N/A","No Warranty Data",,"N/A","400.00"
"1477","","Lenovo 14e Chromebook, Lenovo Chromebook S345-14","N/A","No Warranty Data",,"N/A","400.00"
"1011","","Chromebook 14 G6","N/A","No Warranty Data",,"N/A","400.00"
"213","","HP Chromebook 14 G7","N/A","No Warranty Data",,"N/A","400.00"
"2126","","HP Chromebook 14 G7","N/A","No Warranty Data",,"N/A","400.00"
"1201","","Chromebook 14 G6","N/A","No Warranty Data",,"N/A","400.00"
"1216","","Lenovo 14e Chromebook, Lenovo Chromebook S345-14","N/A","No Warranty Data",,"N/A","400.00"
"1510","","Dell Chromebook 3400","N/A","No Warranty Data",,"N/A","400.00"
"15","","HP Chromebook 14 G7","N/A","No Warranty Data",,"N/A","400.00"
"1894","","HP Chromebook 14 G7","N/A","No Warranty Data",,"N/A","400.00"
"200","","HP Chromebook 14 G7","N/A","No Warranty Data",,"N/A","400.00"
"2438","","Dell Chromebook 3110","N/A","No Warranty Data",,"N/A","400.00"
"880","","Dell Chromebook 3400","N/A","No Warranty Data",,"N/A","400.00"
"1801","","HP Chromebook 14 G7","N/A","No Warranty Data",,"N/A","400.00"
"400","","HP Chromebook 14 G7","N/A","No Warranty Data",,"N/A","400.00"
"3155","","HP Chromebook 14 G7","N/A","No Warranty Data",,"N/A","400.00"
"1219","","Lenovo 14e Chromebook, Lenovo Chromebook S345-14","N/A","No Warranty Data",,"N/A","400.00"
"435","","Chromebook 14 G6","N/A","No Warranty Data",,"N/A","400.00"
"1416","","Dell Chromebook 3400","N/A","No Warranty Data",,"N/A","400.00"
"1sw9c2","","Lenovo 14e Chromebook, Lenovo Chromebook S345-14","N/A","No Warranty Data",,"N/A","400.00"
"1swe1m","","Lenovo 14e Chromebook, Lenovo Chromebook S345-14","N/A","No Warranty Data",,"N/A","400.00"
"190","","HP Chromebook 14 G7","N/A","No Warranty Data",,"N/A","400.00"
"847","","Lenovo 14e Chromebook, Lenovo Chromebook S345-14","N/A","No Warranty Data",,"N/A","400.00"
"2053","","HP Chromebook 14 G7","N/A","No Warranty Data",,"N/A","400.00"
"1506","","Dell Chromebook 3400","N/A","No Warranty Data",,"N/A","400.00"
"856","","Lenovo 14e Chromebook, Lenovo Chromebook S345-14","N/A","No Warranty Data",,"N/A","400.00"
"644","","Dell Chromebook 3400","N/A","No Warranty Data",,"N/A","400.00"
"860","","Dell Chromebook 3400","N/A","No Warranty Data",,"N/A","400.00"
"1782","","Chromebook 14 G6","N/A","No Warranty Data",,"N/A","400.00"
"2492","","Dell Chromebook 3110","N/A","No Warranty Data",,"N/A","400.00"
"1514","","Dell Chromebook 3400","N/A","No Warranty Data",,"N/A","400.00"
"1900","","HP Chromebook 14 G7","N/A","No Warranty Data",,"N/A","400.00"
"502","","Chromebook 14 G6","N/A","No Warranty Data",,"N/A","400.00"
"3157","","HP Chromebook 14 G7","N/A","No Warranty Data",,"N/A","400.00"
"1337","","Acer Chromebook 317","N/A","No Warranty Data",,"N/A","400.00"
"44","","HP Chromebook 14 G7","N/A","No Warranty Data",,"N/A","400.00"
"2563","","Dell Chromebook 3110","N/A","No Warranty Data",,"N/A","400.00"
"2129","","HP Chromebook 14 G7","N/A","No Warranty Data",,"N/A","400.00"
"2524","","Dell Chromebook 3110","N/A","No Warranty Data",,"N/A","400.00"
"511","","HP Chromebook 14 G7","N/A","No Warranty Data",,"N/A","400.00"
"2520","","Dell Chromebook 3110","N/A","No Warranty Data",,"N/A","400.00"
"2327","","Dell Chromebook 3110","N/A","No Warranty Data",,"N/A","400.00"
"740","","Dell Chromebook 3400","N/A","No Warranty Data",,"N/A","400.00"
"1986","","HP Chromebook 14 G7","N/A","No Warranty Data",,"N/A","400.00"
"2020","","HP Chromebook 14 G7","N/A","No Warranty Data",,"N/A","400.00"
"1sw97y","","Lenovo 14e Chromebook, Lenovo Chromebook S345-14","N/A","No Warranty Data",,"N/A","400.00"
"1013","","Chromebook 14 G6","N/A","No Warranty Data",,"N/A","400.00"
"1967","","HP Chromebook 14 G7","N/A","No Warranty Data",,"N/A","400.00"
"1757","","Chromebook 14 G6","N/A","No Warranty Data",,"N/A","400.00"
"1sw5fe","","Lenovo 14e Chromebook, Lenovo Chromebook S345-14","N/A","No Warranty Data",,"N/A","400.00"
"CB-547-6H0Z5Y2","","Dell Chromebook 3400","N/A","No Warranty Data",,"N/A","400.00"
"1sw9jp","","Lenovo 14e Chromebook, Lenovo Chromebook S345-14","N/A","No Warranty Data",,"N/A","400.00"
"1490","","Dell Chromebook 3400","N/A","No Warranty Data",,"N/A","400.00"
"1sw3gq","","Lenovo 14e Chromebook, Lenovo Chromebook S345-14","N/A","No Warranty Data",,"N/A","400.00"
"2869","","HP Chromebook 14 G7","N/A","No Warranty Data",,"N/A","400.00"
"1sw1x0","","Lenovo 14e Chromebook, Lenovo Chromebook S345-14","N/A","No Warranty Data",,"N/A","400.00"
"2251","","Dell Chromebook 3110","N/A","No Warranty Data",,"N/A","400.00"
"1370","","Dell Chromebook 3400","N/A","No Warranty Data",,"N/A","400.00"
"CB-912-FB6C6Y2","","Dell Chromebook 3400","N/A","No Warranty Data",,"N/A","400.00"
"2559","","Dell Chromebook 3110","N/A","No Warranty Data",,"N/A","400.00"
"CB-782-8XG45Y2","","Dell Chromebook 3400","N/A","No Warranty Data",,"N/A","400.00"
"944","","Dell Chromebook 3400","N/A","No Warranty Data",,"N/A","400.00"
"2352","","Dell Latitude 3445 Chromebook","N/A","No Warranty Data",,"N/A","400.00"
"1995","","HP Chromebook 14 G7","N/A","No Warranty Data",,"N/A","400.00"
"618","","Dell Chromebook 3400","N/A","No Warranty Data",,"N/A","400.00"
"2521","","Dell Chromebook 3110","N/A","No Warranty Data",,"N/A","400.00"
"285","","HP Chromebook 14 G7","N/A","No Warranty Data",,"N/A","400.00"
"2042","","HP Chromebook 14 G7","N/A","No Warranty Data",,"N/A","400.00"
"1798","","HP Chromebook 14 G7","N/A","No Warranty Data",,"N/A","400.00"
"47","","HP Chromebook 14 G7","N/A","No Warranty Data",,"N/A","400.00"
"1160","","Chromebook 14 G6","N/A","No Warranty Data",,"N/A","400.00"
"1020","","Chromebook 14 G6","N/A","No Warranty Data",,"N/A","400.00"
"1292","","Chromebook 14 G6","N/A","No Warranty Data",,"N/A","400.00"
"1261","","HP Chromebook 14 G7","N/A","No Warranty Data",,"N/A","400.00"
"1433","","Lenovo 14e Chromebook, Lenovo Chromebook S345-14","N/A","No Warranty Data",,"N/A","400.00"
"2634","","Dell Chromebook 3110","N/A","No Warranty Data",,"N/A","400.00"
"2363","","Dell Latitude 3445 Chromebook","N/A","No Warranty Data",,"N/A","400.00"
"415","","Chromebook 14 G6","N/A","No Warranty Data",,"N/A","400.00"
"1sw98w","","Lenovo 14e Chromebook, Lenovo Chromebook S345-14","N/A","No Warranty Data",,"N/A","400.00"
"1222","","Lenovo 14e Chromebook, Lenovo Chromebook S345-14","N/A","No Warranty Data",,"N/A","400.00"
"3153","","HP Chromebook 14 G7","N/A","No Warranty Data",,"N/A","400.00"
"1SW7HH","","Lenovo 14e Chromebook, Lenovo Chromebook S345-14","N/A","No Warranty Data",,"N/A","400.00"
"733","","Dell Chromebook 3400","N/A","No Warranty Data",,"N/A","400.00"
"1888","","HP Chromebook 14 G7","N/A","No Warranty Data",,"N/A","400.00"
"1729","","Chromebook 14 G6","N/A","No Warranty Data",,"N/A","400.00"
"1019","","Chromebook 14 G6","N/A","No Warranty Data",,"N/A","400.00"
"1470","","Lenovo 14e Chromebook, Lenovo Chromebook S345-14","N/A","No Warranty Data",,"N/A","400.00"
"210","","HP Chromebook 14 G7","N/A","No Warranty Data",,"N/A","400.00"
"1swe0h","","Lenovo 14e Chromebook, Lenovo Chromebook S345-14","N/A","No Warranty Data",,"N/A","400.00"
"2236","","Chromebook 14 G6","N/A","No Warranty Data",,"N/A","400.00"
"755","","Dell Chromebook 3400","N/A","No Warranty Data",,"N/A","400.00"
"2515","","Dell Chromebook 3110","N/A","No Warranty Data",,"N/A","400.00"
"302","","HP Chromebook 14 G7","N/A","No Warranty Data",,"N/A","400.00"
"872","","Dell Chromebook 3400","N/A","No Warranty Data",,"N/A","400.00"
"1531","","Dell Chromebook 3400","N/A","No Warranty Data",,"N/A","400.00"
"1819","","HP Chromebook 14 G7","N/A","No Warranty Data",,"N/A","400.00"
"601","","Dell Chromebook 3400","N/A","No Warranty Data",,"N/A","400.00"
"344","","HP Chromebook 14 G7","N/A","No Warranty Data",,"N/A","400.00"
"2671","","Dell Chromebook 3110","N/A","No Warranty Data",,"N/A","400.00"
"58","","HP Chromebook 14 G7","N/A","No Warranty Data",,"N/A","400.00"
"19","","HP Chromebook 14 G7","N/A","No Warranty Data",,"N/A","400.00"
"253","","HP Chromebook 14 G7","N/A","No Warranty Data",,"N/A","400.00"
"3178","","HP Chromebook 14 G7","N/A","No Warranty Data",,"N/A","400.00"
"1492","","Dell Chromebook 3400","N/A","No Warranty Data",,"N/A","400.00"
"959","","Dell Chromebook 3400","N/A","No Warranty Data",,"N/A","400.00"
"851","","Lenovo 14e Chromebook, Lenovo Chromebook S345-14","N/A","No Warranty Data",,"N/A","400.00"
"411","","HP Chromebook 14 G7","N/A","No Warranty Data",,"N/A","400.00"
"1172","","Dell Chromebook 3400","N/A","No Warranty Data",,"N/A","400.00"
"3176","","HP Chromebook 14 G7","N/A","No Warranty Data",,"N/A","400.00"
"1096","","Lenovo 14e Chromebook, Lenovo Chromebook S345-14","N/A","No Warranty Data",,"N/A","400.00"
"67","","HP Chromebook 14 G7","N/A","No Warranty Data",,"N/A","400.00"
"503","","Dell Chromebook 3400","N/A","No Warranty Data",,"N/A","400.00"
"1568","","Lenovo 14e Chromebook, Lenovo Chromebook S345-14","N/A","No Warranty Data",,"N/A","400.00"
"1087","","Lenovo 14e Chromebook, Lenovo Chromebook S345-14","N/A","No Warranty Data",,"N/A","400.00"
"488","","Chromebook 14 G6","N/A","No Warranty Data",,"N/A","400.00"
"274","","HP Chromebook 14 G7","N/A","No Warranty Data",,"N/A","400.00"
"1509","","Dell Chromebook 3400","N/A","No Warranty Data",,"N/A","400.00"
"1137","","HP Chromebook 14 G7","N/A","No Warranty Data",,"N/A","400.00"
"2024","","HP Chromebook 14 G7","N/A","No Warranty Data",,"N/A","400.00"
"2293","","Dell Chromebook 3110","N/A","No Warranty Data",,"N/A","400.00"
"2479","","Dell Chromebook 3110","N/A","No Warranty Data",,"N/A","400.00"
"2443","","Dell Chromebook 3110","N/A","No Warranty Data",,"N/A","400.00"
"1150","","Chromebook 14 G6","N/A","No Warranty Data",,"N/A","400.00"
"2591","","Dell Chromebook 3110","N/A","No Warranty Data",,"N/A","400.00"
"18","","HP Chromebook 14 G7","N/A","No Warranty Data",,"N/A","400.00"
"2623","","Dell Chromebook 3110","N/A","No Warranty Data",,"N/A","400.00"
"1912","","HP Chromebook 14 G7","N/A","No Warranty Data",,"N/A","400.00"
"2081","","HP Chromebook 14 G7","N/A","No Warranty Data",,"N/A","400.00"
"1796","","HP Chromebook 14 G7","N/A","No Warranty Data",,"N/A","400.00"
"278","","HP Chromebook 14 G7","N/A","No Warranty Data",,"N/A","400.00"
"597","","Chromebook 14 G6","N/A","No Warranty Data",,"N/A","400.00"
"1sw5fr","","Lenovo 14e Chromebook, Lenovo Chromebook S345-14","N/A","No Warranty Data",,"N/A","400.00"
"2120","","HP Chromebook 14 G7","N/A","No Warranty Data",,"N/A","400.00"
"540","","HP Chromebook 14 G7","N/A","No Warranty Data",,"N/A","400.00"
"2376","","Dell Latitude 3445 Chromebook","N/A","No Warranty Data",,"N/A","400.00"
"1493","","Dell Chromebook 3400","N/A","No Warranty Data",,"N/A","400.00"
"1735","","Chromebook 14 G6","N/A","No Warranty Data",,"N/A","400.00"
"294","","HP Chromebook 14 G7","N/A","No Warranty Data",,"N/A","400.00"
"1sw0wa","","Lenovo 14e Chromebook, Lenovo Chromebook S345-14","N/A","No Warranty Data",,"N/A","400.00"
"1082","","Lenovo 14e Chromebook, Lenovo Chromebook S345-14","N/A","No Warranty Data",,"N/A","400.00"
"1373","","Lenovo 14e Chromebook, Lenovo Chromebook S345-14","N/A","No Warranty Data",,"N/A","400.00"
"794","","Lenovo 14e Chromebook, Lenovo Chromebook S345-14","N/A","No Warranty Data",,"N/A","400.00"
"1217","","Dell Chromebook 13 (3380)","N/A","No Warranty Data",,"N/A","400.00"
"609","","Dell Chromebook 3400","N/A","No Warranty Data",,"N/A","400.00"
"2009","","HP Chromebook 14 G7","N/A","No Warranty Data",,"N/A","400.00"
"646","","Dell Chromebook 3400","N/A","No Warranty Data",,"N/A","400.00"
"1SW3K3","","Lenovo 14e Chromebook, Lenovo Chromebook S345-14","N/A","No Warranty Data",,"N/A","400.00"
"1sw20e","","Lenovo 14e Chromebook, Lenovo Chromebook S345-14","N/A","No Warranty Data",,"N/A","400.00"
"598","","Chromebook 14 G6","N/A","No Warranty Data",,"N/A","400.00"
"1sw3jv","","Lenovo 14e Chromebook, Lenovo Chromebook S345-14","N/A","No Warranty Data",,"N/A","400.00"
"2827","","Dell Chromebook 3110","N/A","No Warranty Data",,"N/A","400.00"
"1771","","HP Chromebook 14 G7","N/A","No Warranty Data",,"N/A","400.00"
"1511","","Dell Chromebook 3400","N/A","No Warranty Data",,"N/A","400.00"
"1549","","Dell Chromebook 3400","N/A","No Warranty Data",,"N/A","400.00"
"5","","HP Chromebook 14 G7","N/A","No Warranty Data",,"N/A","400.00"
"1133","","HP Chromebook 14 G7","N/A","No Warranty Data",,"N/A","400.00"
"2440","","Dell Chromebook 3110","N/A","No Warranty Data",,"N/A","400.00"
"1996","","HP Chromebook 14 G7","N/A","No Warranty Data",,"N/A","400.00"
"2604","","Dell Chromebook 3110","N/A","No Warranty Data",,"N/A","400.00"
"1sw2cg","","Lenovo 14e Chromebook, Lenovo Chromebook S345-14","N/A","No Warranty Data",,"N/A","400.00"
"1SW9HJ","","Lenovo 14e Chromebook, Lenovo Chromebook S345-14","N/A","No Warranty Data",,"N/A","400.00"
"1260","","HP Chromebook 14 G7","N/A","No Warranty Data",,"N/A","400.00"
"291","","HP Chromebook 14 G7","N/A","No Warranty Data",,"N/A","400.00"
"1swe7c","","Lenovo 14e Chromebook, Lenovo Chromebook S345-14","N/A","No Warranty Data",,"N/A","400.00"
"1431","","Lenovo 14e Chromebook, Lenovo Chromebook S345-14","N/A","No Warranty Data",,"N/A","400.00"
"373","","HP Chromebook 14 G7","N/A","No Warranty Data",,"N/A","400.00"
"1189","","Dell Chromebook 3400","N/A","No Warranty Data",,"N/A","400.00"
"614","","Dell Chromebook 3400","N/A","No Warranty Data",,"N/A","400.00"
"628","","Dell Chromebook 3400","N/A","No Warranty Data",,"N/A","400.00"
"2402","","Dell Latitude 3445 Chromebook","N/A","No Warranty Data",,"N/A","400.00"
"2109","","HP Chromebook 14 G7","N/A","No Warranty Data",,"N/A","400.00"
"589","","Dell Chromebook 3400","N/A","No Warranty Data",,"N/A","400.00"
"529","","HP Chromebook 14 G7","N/A","No Warranty Data",,"N/A","400.00"
"1952","","HP Chromebook 14 G7","N/A","No Warranty Data",,"N/A","400.00"
"DR2HZN2","","Dell Chromebook 13 (3380)","N/A","No Warranty Data",,"N/A","400.00"
"3182","","HP Chromebook 14 G7","N/A","No Warranty Data",,"N/A","400.00"
"988","","Dell Chromebook 3400","N/A","No Warranty Data",,"N/A","400.00"
"1167","","Chromebook 14 G6","N/A","No Warranty Data",,"N/A","400.00"
"2709","","Dell Chromebook 3110","N/A","No Warranty Data",,"N/A","400.00"
"937","","Dell Chromebook 3400","N/A","No Warranty Data",,"N/A","400.00"
"600","","Dell Chromebook 3400","N/A","No Warranty Data",,"N/A","400.00"
"2813","","Dell Chromebook 3110","N/A","No Warranty Data",,"N/A","400.00"
"3180","","HP Chromebook 14 G7","N/A","No Warranty Data",,"N/A","400.00"
"873","","Dell Chromebook 3400","N/A","No Warranty Data",,"N/A","400.00"
"2013","","Chromebook 14 G6","N/A","No Warranty Data",,"N/A","400.00"
"1699","","Chromebook 14 G6","N/A","No Warranty Data",,"N/A","400.00"
"1SW5CE","","Lenovo 14e Chromebook, Lenovo Chromebook S345-14","N/A","No Warranty Data",,"N/A","400.00"
"2542","","Dell Chromebook 3110","N/A","No Warranty Data",,"N/A","400.00"
"439","","Chromebook 14 G6","N/A","No Warranty Data",,"N/A","400.00"
"1sw1yw","","Lenovo 14e Chromebook, Lenovo Chromebook S345-14","N/A","No Warranty Data",,"N/A","400.00"
"1522","","Dell Chromebook 3400","N/A","No Warranty Data",,"N/A","400.00"
"85","","HP Chromebook 14 G7","N/A","No Warranty Data",,"N/A","400.00"
"2365","","Dell Latitude 3445 Chromebook","N/A","No Warranty Data",,"N/A","400.00"
"279","","HP Chromebook 14 G7","N/A","No Warranty Data",,"N/A","400.00"
"995","","Dell Chromebook 3400","N/A","No Warranty Data",,"N/A","400.00"
"721","","Chromebook 14 G6","N/A","No Warranty Data",,"N/A","400.00"
"2527","","Dell Chromebook 3110","N/A","No Warranty Data",,"N/A","400.00"
"1459","","Lenovo 14e Chromebook, Lenovo Chromebook S345-14","N/A","No Warranty Data",,"N/A","400.00"
"1833","","HP Chromebook 14 G7","N/A","No Warranty Data",,"N/A","400.00"
